{
    "Random Forest (Original Features)": [
        0.35294117647058826,
        0.26666666666666666,
        0.25316455696202533,
        0.4,
        0.2696629213483146,
        0.24390243902439024,
        0.1839080459770115,
        0.29545454545454547,
        0.2077922077922078,
        0.3384615384615385
    ],
    "XGBoost (Original Features)": [
        0.2831858407079646,
        0.23008849557522124,
        0.22018348623853212,
        0.3564356435643564,
        0.2413793103448276,
        0.2616822429906542,
        0.17391304347826086,
        0.23008849557522124,
        0.23423423423423423,
        0.29473684210526313
    ],
    "LightGBM (Original Features)": [
        0.1724137931034483,
        0.3508771929824561,
        0.25806451612903225,
        0.5454545454545454,
        0.22950819672131148,
        0.27586206896551724,
        0.1791044776119403,
        0.22950819672131148,
        0.20689655172413793,
        0.391304347826087
    ],
    "Decision Tree (Original Features)": [
        0.24427480916030533,
        0.2236842105263158,
        0.20408163265306123,
        0.2782608695652174,
        0.192,
        0.2018348623853211,
        0.2,
        0.2158273381294964,
        0.20437956204379562,
        0.2
    ],
    "Bagging with Decision Tree (Original Features)": [
        0.08333333333333333,
        0.18181818181818182,
        0.08333333333333333,
        0.0,
        0.0,
        0.08695652173913043,
        0.0,
        0.08333333333333333,
        0.09090909090909091,
        0.0
    ],
    "Random Forest (Selected Features)": [
        0.25396825396825395,
        0.2857142857142857,
        0.3050847457627119,
        0.4,
        0.2898550724637681,
        0.26865671641791045,
        0.19444444444444445,
        0.19047619047619047,
        0.20588235294117646,
        0.2916666666666667
    ],
    "XGBoost (Selected Features)": [
        0.2727272727272727,
        0.21428571428571427,
        0.20754716981132076,
        0.2912621359223301,
        0.2616822429906542,
        0.18691588785046728,
        0.19130434782608696,
        0.25225225225225223,
        0.25688073394495414,
        0.29213483146067415
    ],
    "LightGBM (Selected Features)": [
        0.1276595744680851,
        0.3,
        0.23333333333333334,
        0.46808510638297873,
        0.2545454545454545,
        0.23529411764705882,
        0.24242424242424243,
        0.23333333333333334,
        0.19230769230769232,
        0.38095238095238093
    ],
    "Decision Tree (Selected Features)": [
        0.22377622377622378,
        0.22900763358778625,
        0.18497109826589594,
        0.19689119170984457,
        0.182648401826484,
        0.22764227642276422,
        0.17937219730941703,
        0.18627450980392157,
        0.15458937198067632,
        0.2641509433962264
    ],
    "Bagging with Decision Tree (Selected Features)": [
        0.15384615384615385,
        0.08333333333333333,
        0.16666666666666666,
        0.17391304347826086,
        0.0,
        0.18181818181818182,
        0.14285714285714285,
        0.17391304347826086,
        0.08333333333333333,
        0.0
    ],
    "Random Forest (Univariate FS)": [
        0.25396825396825395,
        0.3055555555555556,
        0.25806451612903225,
        0.38596491228070173,
        0.25316455696202533,
        0.2318840579710145,
        0.1917808219178082,
        0.20588235294117646,
        0.21621621621621623,
        0.3018867924528302
    ],
    "XGBoost (Univariate FS)": [
        0.25862068965517243,
        0.19130434782608696,
        0.22857142857142856,
        0.2882882882882883,
        0.25225225225225223,
        0.205607476635514,
        0.2184873949579832,
        0.2644628099173554,
        0.2413793103448276,
        0.27956989247311825
    ],
    "LightGBM (Univariate FS)": [
        0.23333333333333334,
        0.3389830508474576,
        0.21875,
        0.43478260869565216,
        0.3225806451612903,
        0.19230769230769232,
        0.2318840579710145,
        0.2727272727272727,
        0.17543859649122806,
        0.35
    ],
    "Decision Tree (Univariate FS)": [
        0.1864406779661017,
        0.1935483870967742,
        0.24,
        0.23423423423423423,
        0.21052631578947367,
        0.15384615384615385,
        0.13445378151260504,
        0.1981981981981982,
        0.21311475409836064,
        0.27906976744186046
    ],
    "Bagging with Decision Tree (Univariate FS)": [
        0.08695652173913043,
        0.09090909090909091,
        0.17391304347826086,
        0.17391304347826086,
        0.0,
        0.18181818181818182,
        0.16,
        0.09523809523809523,
        0.09090909090909091,
        0.09090909090909091
    ],
    "Random Forest (Multivariate FS)": [
        0.26229508196721313,
        0.2903225806451613,
        0.3103448275862069,
        0.3018867924528302,
        0.2727272727272727,
        0.25396825396825395,
        0.2028985507246377,
        0.1875,
        0.2,
        0.32142857142857145
    ],
    "XGBoost (Multivariate FS)": [
        0.2777777777777778,
        0.23636363636363636,
        0.19801980198019803,
        0.27722772277227725,
        0.2616822429906542,
        0.19230769230769232,
        0.22033898305084745,
        0.2222222222222222,
        0.24561403508771928,
        0.2826086956521739
    ],
    "LightGBM (Multivariate FS)": [
        0.18518518518518517,
        0.3333333333333333,
        0.23728813559322035,
        0.4782608695652174,
        0.3,
        0.21052631578947367,
        0.24615384615384617,
        0.25806451612903225,
        0.18518518518518517,
        0.3333333333333333
    ],
    "Decision Tree (Multivariate FS)": [
        0.20987654320987653,
        0.234375,
        0.18497109826589594,
        0.25757575757575757,
        0.2125,
        0.2328767123287671,
        0.22085889570552147,
        0.2251655629139073,
        0.15920398009950248,
        0.2302158273381295
    ],
    "Bagging with Decision Tree (Multivariate FS)": [
        0.07692307692307693,
        0.08695652173913043,
        0.15384615384615385,
        0.0,
        0.0,
        0.16666666666666666,
        0.15384615384615385,
        0.18181818181818182,
        0.08333333333333333,
        0.16
    ],
    "Random Forest (Auto FE and FS)": [
        0.30952380952380953,
        0.29333333333333333,
        0.2465753424657534,
        0.38095238095238093,
        0.2631578947368421,
        0.2318840579710145,
        0.20512820512820512,
        0.2823529411764706,
        0.2318840579710145,
        0.36363636363636365
    ],
    "XGBoost (Auto FE and FS)": [
        0.3148148148148148,
        0.26785714285714285,
        0.2708333333333333,
        0.35051546391752575,
        0.21238938053097345,
        0.22641509433962265,
        0.21052631578947367,
        0.26785714285714285,
        0.24528301886792453,
        0.2708333333333333
    ],
    "LightGBM (Auto FE and FS)": [
        0.2,
        0.32653061224489793,
        0.3,
        0.44,
        0.3,
        0.2807017543859649,
        0.11764705882352941,
        0.23728813559322035,
        0.2127659574468085,
        0.4186046511627907
    ],
    "Decision Tree (Auto FE and FS)": [
        0.21052631578947367,
        0.22077922077922077,
        0.18064516129032257,
        0.33707865168539325,
        0.22388059701492538,
        0.20512820512820512,
        0.189873417721519,
        0.2236842105263158,
        0.1724137931034483,
        0.20689655172413793
    ],
    "Bagging with Decision Tree (Auto FE and FS)": [
        0.08,
        0.09523809523809523,
        0.24,
        0.0,
        0.0,
        0.16666666666666666,
        0.13793103448275862,
        0.08,
        0.09090909090909091,
        0.08
    ]
}